date,account,title,url
2026-07-15,ise_satoshi,"壁にぶつかったときに大切な心の持ち方【美容師25年】",https://youtu.be/UbMwNgSy-Hs
2026-07-15,sessi_life,"【薄毛対策】気になったら即見直すべき3つのポイント",https://youtu.be/7g_nmorwqLw
2026-07-15,ko_gi_omoti,"【犬の日常】飼い主が帰ってきたときのテンション",https://youtu.be/hwUMWRH0_3c
2026-07-16,ise_satoshi,"【誰かに認められたい】気持ちの正しい付き合い方",https://youtu.be/UKz_S6P5dGs
2026-07-16,satoshi_mindset,"【波との付き合い方】人生を上手に生きる",https://youtu.be/QIUK1CKsIbA
2026-07-16,satoshi_mind_coach,"【40歳独立】後悔したこと・しなかったこと",https://youtu.be/vBFQOceKoG0
2026-07-16,ise_sato_kosodate,"【聖の話】子どもに見せるべき姿",https://youtu.be/RRRpeZ6vwbk
2026-07-16,ise_satoshi,"【秘密】頑張り屋ほど疲れやすい理由",https://youtu.be/n_p6Oeo4_Ds
2026-07-16,ise_satoshi,"自分に優しくなる方法とは？【心の癒し】",https://youtu.be/Klw7BPE58FU
2026-07-16,tabi_life_design40,"【貯金の目的】人生を豊かにする考え方",https://youtu.be/-zcwTxd_xKA
2026-07-16,sessi_life,"【美容のコツ】あなたの髪が好きなはず！シャンプーの仕方で変わる髪の印象",https://youtu.be/x0stLc6Plfw
2026-07-16,ko_gi_omoti,"【もちのあるある】飼い主とお風呂は大変なのだ",https://youtu.be/Y6E1ZduqNsg
2026-07-17,ise_satoshi,"【人間関係の秘訣】距離感が変わる【人生のヒント】",https://youtu.be/8u7nKcOHQGY
2026-07-17,satoshi_mindset,"【運気の流れ】動くべきタイミングを逃さないコツ",https://youtu.be/pmYsdi1M-04
2026-07-17,satoshi_mind_coach,"【経営者の視点】独立して初めて気付いたこと",https://youtu.be/WXzWsynbfz8
2026-07-17,ise_sato_kosodate,"【忙しい美容師必見】仕事と子育ての両立法",https://youtu.be/IxosKhS0gMQ
2026-07-17,ise_kenkou_otaku,"体調管理を後回しにした結果【美容師の教訓】",https://youtu.be/wDVYs2nL7TI
2026-07-17,tabi_life_design40,"【お金を使うことへの罪悪感】その正体とは？",https://youtu.be/p73bWM6t85A
2026-07-17,sessi_life,"【四十代からの】スキンケアで意識したいこと",https://youtu.be/ptf8RS0AB-I
2026-07-17,ko_gi_omoti,"【コーギーあるある】宅配便に謎の警戒なのだ！",https://youtu.be/y0B_2hx7ogo
2026-07-17,ise_satoshi,"【人生哲学】『まあいいか』が言えるまでの僕の旅",https://youtu.be/9KwoCdsGbm0
2026-07-18,satoshi_mindset,"【流れを味方にする】占いは必要ない？",https://youtu.be/ztjAU-qUMGU
2026-07-18,satoshi_mind_coach,"【独立後の孤独感】僕が乗り越えた方法",https://youtu.be/cxotzWutdIQ
2026-07-18,ise_sato_kosodate,"【親の鏡】僕が子どもに申し訳ないと思ったエピソード",https://youtu.be/WhhiBBqy92k
2026-07-18,ise_kenkou_otaku,"【体が重いと頭も重くなる】美容師の僕が知った重さと判断力の関係",https://youtu.be/oSdpO6gGwTE
2026-07-18,tabi_life_design40,"【お金の使い方】シャンパンタワーの法則を知る",https://youtu.be/XaF0dl_iTFU
2026-07-18,sessi_life,"【肌と髪の関係】乾燥肌と髪の乾燥は繋がっている？",https://youtu.be/7TncRbnUmfo
2026-07-18,ko_gi_omoti,"【もちのあるある】ぼくの家では毎日こうなのだ",https://youtu.be/7BpEpRu_I3c
2026-07-18,ise_satoshi,"【不確実性に立ち向かう】不安にさようなら！僕が気づいた「やり方より、あり方」",https://youtu.be/tPdtNhkKxQc
2026-07-19,satoshi_mindset,"【運気の流れ】季節が変わる前兆に気づく",https://youtu.be/0y2nfrCYn78
2026-07-19,satoshi_mind_coach,"【小さく始める】独立って本当にいいので？僕の25年",https://youtu.be/xlUmaMAlP5g
2026-07-19,ise_sato_kosodate,"【心の余裕】が子育てを変える！僕が見つけた正しい親の在り方",https://youtu.be/3iMErnAoQW0
2026-07-19,ise_kenkou_otaku,"【健康】経営者なら知っておきたい、後回しにする心理の落とし穴",https://youtu.be/prC_ZCsV_u8
2026-07-19,tabi_life_design40,"【お金の不安】四十代からの向き合い方",https://youtu.be/XynIe8RLXKs
2026-07-19,sessi_life,"【美容師の教え】ドライヤーの正しい使い方",https://youtu.be/1NP033569xs
2026-07-19,ko_gi_omoti,"【もちの留守番】やらかしたことのあるある",https://youtu.be/jGt7o8GyGG8
2026-07-20,ise_satoshi,"【失敗を切り捨てろ！】僕が過去を乗り越えた秘訣",https://youtu.be/YoNuc2Ab4_g
2026-07-20,satoshi_mind_coach,"【独立】反対された僕が学んだ、向き合い方【聖のコロナ禍独立ストーリー】",https://youtu.be/czJ3C7ZvJcw
2026-07-20,ise_kenkou_otaku,"【忙しくても】簡単な体のケア【美容師が教える】",https://youtu.be/5KYZeck-CsI
2026-07-20,tabi_life_design40,"【老後資金】今の暮らしを充実させながら貯めたい！僕が考えるバランス",https://youtu.be/te7C9lpEfmc
2026-07-20,sessi_life,"【白髪と上手に付き合う】コツはこちら",https://youtu.be/uO1vpcrU1_4
2026-07-20,ko_gi_omoti,"【犬の日常】ぼくは他のお犬さんと会うとどうするのかなのだ",https://youtu.be/tAwGENVFxSA
2026-07-21,ise_satoshi,"【感謝の习慣】人生を変える【秘訣】",https://youtu.be/OBW1QyAXzz8
2026-07-21,satoshi_mindset,"【季節の流れ】独立・停滞・成功の運気を読む",https://youtu.be/RXnZ8cc-87k
2026-07-21,satoshi_mind_coach,"【独立】会社を辞める前に知っておきたいこと",https://youtu.be/NoDnUxTBwso
2026-07-21,ise_sato_kosodate,"【親子関係】信頼関係を築くコツ",https://youtu.be/pxS6ColHPhw
2026-07-21,ise_kenkou_otaku,"【ストレス解消】美容師が語る体の不調の正体",https://youtu.be/ugqPoChp03g
2026-07-21,tabi_life_design40,"時間を優先するお金の使い方とは【実体験】",https://youtu.be/RvW7wqRZVug
2026-07-21,sessi_life,"【保湿ケア】四〇代の肌に必要なスキンケアを紹介",https://youtu.be/udgRayUtHSc
2026-07-21,ko_gi_omoti,"【コーギーもちの日常】膝の上をめぐる戦いなのだ",https://youtu.be/3-cn4gbjP2I
2026-07-22,satoshi_mindset,"【運気の流れ】自分を知り、楽になる理由",https://youtu.be/zjlenu29mJM
2026-07-22,satoshi_mind_coach,"【聖の独立ストーリー】独立後停滞期を乗り越えた僕",https://youtu.be/1yiqb1bkS2s
2026-07-22,ise_sato_kosodate,"【子育て】忙しい親の声掛け術",https://youtu.be/o6JObTpd2WE
2026-07-22,ise_kenkou_otaku,"【40代から】食生活を見直す【美容師の実体験】",https://youtu.be/o91i8c0nVY4
2026-07-22,tabi_life_design40,"【節約の落とし穴】我慢と節約の違いが人生を変える",https://youtu.be/bjsUOH8_z1A
2026-07-22,sessi_life,"【頭皮の秘密】美容師が教える頭皮環境を整える方法",https://youtu.be/fVrdsrbtIHo
2026-07-22,ko_gi_omoti,"【冬】布団から出たくないもちの日常",https://youtu.be/1y2avY_q-0s
2026-07-23,ise_satoshi,"【機嫌を取る方法】自分を満たす秘訣",https://youtu.be/eEv-oHO6UTU
2026-07-23,satoshi_mindset,"【運氣】巡ってくるチャンスを逃さない僕の考え方",https://youtu.be/UJPbycB2BKk
2026-07-23,satoshi_mind_coach,"【独立】独立してよかった瞬間",https://youtu.be/Vlp0scnmU38
2026-07-23,ise_sato_kosodate,"【子育て】僕が学んだ自分への教え",https://youtu.be/S89dzPVn7xM
2026-07-23,ise_kenkou_otaku,"【健康テーマ】僕が運動不足を自覚したきっかけ",https://youtu.be/Vb6dP_nwflU
2026-07-23,tabi_life_design40,"【お金の考え方】独立してからどう変わった？",https://youtu.be/OkE9w9d74IE
2026-07-23,sessi_life,"【美容室で】よく聞かれる髪の悩みベスト③",https://youtu.be/y4lX70rkQ_E
2026-07-23,ko_gi_omoti,"【暑い】飼い主を困らせるぼくのへばり方",https://youtu.be/tKpLZtBes2A
2026-07-24,satoshi_mindset,"【休み方】頑張りどきと休みどきの見極め方",https://youtu.be/u_9j5j5_JKc
2026-07-24,satoshi_mind_coach,"【勇気】「安定」を手放す理由",https://youtu.be/TE9hDlUxdfs
2026-07-24,ise_sato_kosodate,"【子育ての悩み】「正解」はなかった！僕が気づいた瞬間",https://youtu.be/8zT0gwaeuVE
2026-07-24,ise_kenkou_otaku,"【休むことの重要性】美容師25年の僕が実感した体調管理のコツ",https://youtu.be/ZpLCWOJMCSQ
2026-07-24,tabi_life_design40,"【40代からのお金の使い方】価値観が見えてきた",https://youtu.be/DomzhLx2A2s
2026-07-24,sessi_life,"【エイジングケア】焦らなくていい理由",https://youtu.be/DXHLbRZNW58
